[
    {
        "id": 1,
        "title": "dignissimos",
        "description": "Quia qui quaerat fuga est aut aperiam sint nam. Dolor dolore facere provident distinctio molestiae. Perferendis nam nam dolores ad voluptates.",
        "respondent_number": 189,
        "respondent_count": 189,
        "is_completed": 1,
        "is_sale": 0,
        "targer_isactive": 0,
        "bgcolor": "#ffffff",
        "topic_id": 4,
        "target_id": 3,
        "user_id": 3,
        "price":100,
        "created_at": "2019-04-19 13:33:58",
        "closed_at": "2019-05-20 13:33:58",
        "target": {
            "id": 3,
            "start_age": 16,
            "end_age": 45,
            "gender": 0,
            "job": []
        },
        "question": []
    },
    {
        "id": 2,
        "title": "voluptatum",
        "description": "Dolorum molestias sunt magni libero. Ea fugiat sed voluptatum. Magni commodi aliquid laudantium unde qui illo ducimus.",
        "respondent_number": 42,
        "respondent_count": 42,
        "is_completed": 1,
        "is_sale": 0,
        "targer_isactive": 0,
        "bgcolor": "#ffffff",
        "topic_id": 4,
        "target_id": 3,
        "price":300,
        "user_id": 4,
        "created_at": "2019-04-30 13:33:58",
        "closed_at": "2019-05-10 13:33:58",
        "target": {
            "id": 3,
            "start_age": 16,
            "end_age": 45,
            "gender": 0,
            "job": []
        },
        "question": []
    },
    {
        "id": 3,
        "title": "odio",
        "description": "Possimus assumenda eum eum asperiores. Debitis aut quibusdam sapiente doloremque mollitia et maiores. Labore dolores exercitationem quam totam id.",
        "respondent_number": 192,
        "respondent_count": 0,
        "is_completed": 0,
        "is_sale": 0,
        "targer_isactive": 0,
        "bgcolor": "#ffffff",
        "topic_id": 6,
        "target_id": 4,
        "price":100,
        "user_id": 2,
        "created_at": "2019-04-19 13:33:58",
        "closed_at": null,
        "target": {
            "id": 4,
            "start_age": 18,
            "end_age": 38,
            "gender": 0,
            "job": [
                {
                    "id": 4,
                    "name": "owner3",
                    "pivot": {
                        "target_id": 4,
                        "job_id": 4
                    }
                },
                {
                    "id": 6,
                    "name": "reporter1",
                    "pivot": {
                        "target_id": 4,
                        "job_id": 6
                    }
                }
            ]
        },
        "question": [
            {
                "id": 5,
                "question_title": "aut",
                "question_number": 1,
                "image": "imagesExample",
                "form_id": 3,
                "type_id": 5,
                "question_items": [
                    {
                        "id": 5,
                        "content": "dolor",
                        "content_number": 5,
                        "content_image": "exampleImages",
                        "question_id": 5
                    }
                ]
            }
        ]
    },
    {
        "id": 4,
        "title": "quod",
        "description": "Voluptate fugiat rerum repellendus vitae totam quasi iusto. Officiis iusto eligendi dolores impedit velit quibusdam. Exercitationem sit alias quod similique sed consequatur.",
        "respondent_number": 163,
        "respondent_count": 0,
        "is_completed": 0,
        "is_sale": 0,
        "targer_isactive": 0,
        "bgcolor": "#ffffff",
        "topic_id": 4,
        "target_id": 4,
        "price":200,
        "user_id": 3,
        "created_at": "2019-04-19 13:33:58",
        "closed_at": null,
        "target": {
            "id": 4,
            "start_age": 18,
            "end_age": 38,
            "gender": 0,
            "job": [
                {
                    "id": 4,
                    "name": "owner3",
                    "pivot": {
                        "target_id": 4,
                        "job_id": 4
                    }
                },
                {
                    "id": 6,
                    "name": "reporter1",
                    "pivot": {
                        "target_id": 4,
                        "job_id": 6
                    }
                }
            ]
        },
        "question": []
    },
    {
        "id": 5,
        "title": "delectus",
        "description": "Ea quod alias maiores aspernatur voluptas et. Inventore ea rerum dolor sint doloribus odio accusantium. Nisi eius inventore deleniti voluptatem et soluta sequi ab.",
        "respondent_number": 21,
        "respondent_count": 0,
        "is_completed": 0,
        "is_sale": 0,
        "targer_isactive": 0,
        "bgcolor": "#ffffff",
        "topic_id": 4,
        "target_id": 4,
        "user_id": 2,
        "created_at": "2019-04-19 13:33:58",
        "closed_at": null,
        "target": {
            "id": 4,
            "start_age": 18,
            "end_age": 38,
            "gender": 0,
            "job": [
                {
                    "id": 4,
                    "name": "owner3",
                    "pivot": {
                        "target_id": 4,
                        "job_id": 4
                    }
                },
                {
                    "id": 6,
                    "name": "reporter1",
                    "pivot": {
                        "target_id": 4,
                        "job_id": 6
                    }
                }
            ]
        },
        "question": [
            {
                "id": 1,
                "question_title": "praesentium",
                "question_number": 1,
                "image": "imagesExample",
                "form_id": 5,
                "type_id": 5,
                "question_items": [
                    {
                        "id": 1,
                        "content": "aliquam",
                        "content_number": 4,
                        "content_image": "exampleImages",
                        "question_id": 1
                    },
                    {
                        "id": 2,
                        "content": "velit",
                        "content_number": 4,
                        "content_image": "exampleImages",
                        "question_id": 1
                    },
                    {
                        "id": 3,
                        "content": "eum",
                        "content_number": 5,
                        "content_image": "exampleImages",
                        "question_id": 1
                    },
                    {
                        "id": 4,
                        "content": "maiores",
                        "content_number": 4,
                        "content_image": "exampleImages",
                        "question_id": 1
                    }
                ]
            }
        ]
    },
    {
        "id": 6,
        "title": "commodi",
        "description": "Unde quis nesciunt illo quidem quae magni sit. Porro magni quisquam eum voluptatem beatae tempore numquam. Quo velit odio cumque quam qui.",
        "respondent_number": 56,
        "respondent_count": 0,
        "is_completed": 0,
        "is_sale": 0,
        "targer_isactive": 0,
        "bgcolor": "#ffffff",
        "topic_id": 4,
        "target_id": 2,
        "user_id": 5,
        "created_at": "2019-04-19 13:33:58",
        "closed_at": null,
        "target": {
            "id": 2,
            "start_age": 15,
            "end_age": 40,
            "gender": 0,
            "job": [
                {
                    "id": 4,
                    "name": "owner3",
                    "pivot": {
                        "target_id": 2,
                        "job_id": 4
                    }
                }
            ]
        },
        "question": []
    },
    {
        "id": 7,
        "title": "quis",
        "description": "Enim atque itaque dolor quia dicta ut odit laboriosam. Dolorum qui culpa doloremque ex magnam. Ea optio et aut reprehenderit reprehenderit et iure.",
        "respondent_number": 58,
        "respondent_count": 0,
        "is_completed": 0,
        "is_sale": 0,
        "targer_isactive": 0,
        "bgcolor": "#ffffff",
        "topic_id": 4,
        "target_id": 4,
        "user_id": 4,
        "created_at": "2019-04-19 13:33:58",
        "closed_at": null,
        "target": {
            "id": 4,
            "start_age": 18,
            "end_age": 38,
            "gender": 0,
            "job": [
                {
                    "id": 4,
                    "name": "owner3",
                    "pivot": {
                        "target_id": 4,
                        "job_id": 4
                    }
                },
                {
                    "id": 6,
                    "name": "reporter1",
                    "pivot": {
                        "target_id": 4,
                        "job_id": 6
                    }
                }
            ]
        },
        "question": []
    },
    {
        "id": 8,
        "title": "in",
        "description": "Nesciunt ut dolorem dolorum dolores minima reprehenderit. Sed non inventore laudantium necessitatibus eos aut. Ut explicabo autem quisquam a.",
        "respondent_number": 18,
        "respondent_count": 0,
        "is_completed": 0,
        "is_sale": 0,
        "targer_isactive": 0,
        "bgcolor": "#ffffff",
        "topic_id": 1,
        "target_id": 5,
        "user_id": 2,
        "created_at": "2019-04-19 13:33:58",
        "closed_at": null,
        "target": {
            "id": 5,
            "start_age": 14,
            "end_age": 41,
            "gender": 0,
            "job": []
        },
        "question": [
            {
                "id": 3,
                "question_title": "illo",
                "question_number": 1,
                "image": "imagesExample",
                "form_id": 8,
                "type_id": 4,
                "question_items": []
            },
            {
                "id": 4,
                "question_title": "ut",
                "question_number": 1,
                "image": "imagesExample",
                "form_id": 8,
                "type_id": 3,
                "question_items": []
            }
        ]
    },
    {
        "id": 9,
        "title": "sit",
        "description": "Et aut optio velit ad et neque. Rerum sit dignissimos voluptatem aperiam ducimus. Voluptas ut excepturi illum odit soluta et esse tempora.",
        "respondent_number": 178,
        "respondent_count": 0,
        "is_completed": 0,
        "is_sale": 0,
        "targer_isactive": 0,
        "bgcolor": "#ffffff",
        "topic_id": 5,
        "target_id": 1,
        "user_id": 3,
        "created_at": "2019-04-19 13:33:58",
        "closed_at": null,
        "target": {
            "id": 1,
            "start_age": 14,
            "end_age": 43,
            "gender": 0,
            "job": [
                {
                    "id": 2,
                    "name": "owner3",
                    "pivot": {
                        "target_id": 1,
                        "job_id": 2
                    }
                },
                {
                    "id": 3,
                    "name": "reporter1",
                    "pivot": {
                        "target_id": 1,
                        "job_id": 3
                    }
                }
            ]
        },
        "question": []
    },
    {
        "id": 10,
        "title": "quia",
        "description": "Voluptas cum nostrum ullam reiciendis nihil possimus voluptatem. Velit illo nesciunt et enim. Iste nam natus eum non voluptas porro cumque consequuntur.",
        "respondent_number": 26,
        "respondent_count": 0,
        "is_completed": 0,
        "is_sale": 0,
        "targer_isactive": 0,
        "bgcolor": "#ffffff",
        "topic_id": 6,
        "target_id": 1,
        "user_id": 6,
        "created_at": "2019-04-19 13:33:58",
        "closed_at": null,
        "target": {
            "id": 1,
            "start_age": 14,
            "end_age": 43,
            "gender": 0,
            "job": [
                {
                    "id": 2,
                    "name": "owner3",
                    "pivot": {
                        "target_id": 1,
                        "job_id": 2
                    }
                },
                {
                    "id": 3,
                    "name": "reporter1",
                    "pivot": {
                        "target_id": 1,
                        "job_id": 3
                    }
                }
            ]
        },
        "question": [
            {
                "id": 2,
                "question_title": "nisi",
                "question_number": 1,
                "image": "imagesExample",
                "form_id": 10,
                "type_id": 6,
                "question_items": []
            }
        ]
    }
]