[
  {
      "id": 1,
      "title": "aut",
      "content": "Aut voluptas esse ullam cupiditate incidunt. Sunt harum nulla molestiae animi. Veniam expedita sed sed mollitia necessitatibus.",
      "image": "Example Image",
      "target_amount": 5000000,
      "current_amount": 316756,
      "created_at": "2019-04-19 13:33:54",
      "closed_at": "2019-04-19 13:33:54",
      "is_achieved": 0,
      "donator_id": 4
  },
  {
      "id": 2,
      "title": "non",
      "content": "Quis dolor sequi neque dolor recusandae tenetur qui. Ducimus sed doloribus repellendus corrupti atque eligendi. Quod accusamus voluptatem commodi.",
      "image": "Example Image",
      "target_amount": 5000000,
      "current_amount": 78336,
      "created_at": "2019-04-19 13:33:54",
      "closed_at": "2019-04-19 13:33:54",
      "is_achieved": 0,
      "donator_id": 5
  },
  {
      "id": 3,
      "title": "provident",
      "content": "Error reiciendis quod mollitia id temporibus quia qui. Veniam labore sit optio voluptate qui. Illo aspernatur enim et autem. Iste odio omnis quaerat voluptatum delectus dicta.",
      "image": "Example Image",
      "target_amount": 5000000,
      "current_amount": 54937,
      "created_at": "2019-04-19 13:33:54",
      "closed_at": "2019-04-19 13:33:54",
      "is_achieved": 0,
      "donator_id": 4
  },
  {
      "id": 4,
      "title": "expedita",
      "content": "Inventore enim est aut et. Provident ut rem libero enim sit. Possimus assumenda magni nulla sit et.",
      "image": "Example Image",
      "target_amount": 5000000,
      "current_amount": 78131,
      "created_at": "2019-04-19 13:33:54",
      "closed_at": "2019-04-19 13:33:54",
      "is_achieved": 0,
      "donator_id": 2
  },
  {
      "id": 5,
      "title": "minus",
      "content": "Ut reiciendis qui dolores eos sint voluptatem officiis. Qui sit inventore aut commodi placeat exercitationem. Iure ex aperiam nulla nulla aliquam omnis est.",
      "image": "Example Image",
      "target_amount": 5000000,
      "current_amount": 240914,
      "created_at": "2019-04-19 13:33:54",
      "closed_at": "2019-04-19 13:33:54",
      "is_achieved": 0,
      "donator_id": 5
  }
]